Simon Spannagel <simon.spannagel@cern.ch>
Paul Schütze <paul.schuetze@desy.de> Paul Schuetze <paul.schuetze@desy.de>
Paul Schütze <paul.schuetze@desy.de> Paul Jean Schutze <paul.schuetze@cern.ch>
Paul Schütze <paul.schuetze@desy.de> Paul Schutze <paul.schuetze@cern.ch>
Paul Schütze <paul.schuetze@desy.de> Paul Schuetze <paul.schuetze@cern.ch>
Mohamed Moanis Ali <mohamed.moanis.ali@cern.ch> mmoanis <mohamed_moanis@outlook.com>
Viktor Sonesten <tmplt@dragons.rocks>
Koen Wolters <koen.wolters@cern.ch> <kswolters@live.nl>
Koen Wolters <koen.wolters@cern.ch> <kwolters@student.ethz.ch>
Stephan Lachnit <stephanlachnit@debian.org> Stephan Lachnit <stephanlachnit@protonmail.com>
Tobias Bisanz <tobias.bisanz@cern.ch> <tobias.bisanz@phys.uni-goettingen.de>
Koen van den Brandt <kbrandt@nikhef.nl> <kbrandt@yuan.nikhef.nl>
Koen van den Brandt <kbrandt@nikhef.nl> <kbrandt@stbc-i2.nikhef.nl>
Koen van den Brandt <kbrandt@nikhef.nl> <koeny_brandt@live.nl>
Koen van den Brandt <kbrandt@nikhef.nl> Koen Bernard Van Den Brandt <kbrandt@nikhef.nl>
Mateus Vicente <mvicente@cern.ch>
Radek Privara <radek.privara@cern.ch> <rprivr@gmail.com>
Daniel Hynds <daniel.hynds@cern.ch>
Katharina Dort <katharina.dort@cern.ch>
Annika Vauth <annika.vauth@desy.de> <annika.vauth@uni-hamburg.de>
Annika Vauth <annika.vauth@desy.de> av <nika@little-black-box>
Thomas Billoud <thomas.billoud@cern.ch> Thomas Remy Victor Billoud <tbilloud@lxplus048.cern.ch>
Thomas Billoud <thomas.billoud@cern.ch> tbilloud <tbilloud@hotmail.com>
Thomas Billoud <thomas.billoud@cern.ch> Thomas <thomas.billoud@cern.ch>
# <tbilloud@lxplus048.cern.ch>
Håkan Wennlöf <h.wennlof@cern.ch> <hwennlof@gmail.com>
Moritz Kiehn <msmk@cern.ch> <moritz.kiehn@cern.ch>
Reem Hani M Taibah <reem.hani.m.taibah@cern.ch> <reem.h.m.taibah@cern.ch>
Mathieu Benoit <mathieu.benoit@cern.ch>
Sebastien Murphy <sebastien.murphy@cern.ch> <sebastien.murphy@gmail.com>
Enrico Junior Schioppa <enrico.junior.schioppa@cern.ch> <sc_enricojr@yahoo.it>
Enrico Junior Schioppa <enrico.junior.schioppa@cern.ch> schioppa <enrico.junior.schioppa@cern.ch>
Lennart Huth <lennart.huth@desy.de>
Marco Bomben <marco.bomben@cern.ch> marco.bomben@cern.ch <marco.bomben@cern.ch>
Marco Bomben <marco.bomben@cern.ch> <marco.bomben@gmail.com>
Andreas Matthias Nürnberg <andreas.nurnberg@cern.ch>
Morag Williams <morag.williams@cern.ch>
Daniil Rastorguev <daniil.rastorguev@desy.de>
Edoardo Rossi <edrossi@cern.ch> <edrossi@lxplus024.cern.ch>
Edoardo Rossi <edrossi@cern.ch> <edrossi@lxplus068.cern.ch>
Edoardo Rossi <edrossi@cern.ch> <edrossi@lxplus082.cern.ch>
Edoardo Rossi <edrossi@cern.ch> <edrossi@lxplus092.cern.ch>
Florian Pitters <florian.pitters@cern.ch> fpitters <florian.pitters@cern.ch>
Florian Pitters <florian.pitters@cern.ch> <fpitters@heros.hephy.at>
Andre Sailer <andre.philippe.sailer@cern.ch>
Petr Smolyanskiy <petr.smolyanskiy@utef.cvut.cz>
Jihad Saidi <jihad.saidi@cern.ch>
Sebastian Pape <sebastian.pape@cern.ch>
Maximilian Caspar <maximilian.caspar@cern.ch>
Ryuji Moriya <rmoriya@cern.ch> <rmoriya@lxplus709.cern.ch>
Ryuji Moriya <rmoriya@cern.ch> <rmoriya@lxplus7107.cern.ch>
Ryuji Moriya <rmoriya@cern.ch> <rmoriya@lxplus7112.cern.ch>
Ryuji Moriya <rmoriya@cern.ch> <rmoriya@lxplus7113.cern.ch>
Ryuji Moriya <rmoriya@cern.ch> <rmoriya@lxplus733.cern.ch>
Ryuji Moriya <rmoriya@cern.ch> <rmoriya@lxplus735.cern.ch>
Ryuji Moriya <rmoriya@cern.ch> <rmoriya@lxplus758.cern.ch>
Ryuji Moriya <rmoriya@cern.ch> <rmoriya@lxplus768.cern.ch>
Ryuji Moriya <rmoriya@cern.ch> <rmoriya@lxplus792.cern.ch>
Ryuji Moriya <rmoriya@cern.ch> <rmoriya@lxplus717.cern.ch>
Ryuji Moriya <rmoriya@cern.ch> <rmoriya@lxplus738.cern.ch>
Ryuji Moriya <rmoriya@cern.ch> <rmoriya@lxplus745.cern.ch>
Ryuji Moriya <rmoriya@cern.ch> <rmoriya@lxplus769.cern.ch>
Ryuji Moriya <rmoriya@cern.ch> <rmoriya@lxplus795.cern.ch>
Stefano Mersi <mersi@mersi.cern.ch>
Maoqiang Jing <maoqiang.jing@cern.ch>
Arka Santra <santra.arka@gmail.com>
Manuel Del Rio Viera <manuel.alejandro.del.rio.viera@cern.ch>
Carsten Daniel Burgard <carsten.burgard@cern.ch> <cburgard@cern.ch>
Rafaella Eleni Kotitsa <rafaella.eleni.kotitsa@cern.ch> <rkotitsa@rkotitsa.home>
Sebastian Schmidt <sebastian.seb.schmidt@fau.de>
Sanchit Sharma <40703654+SanchitKratos@users.noreply.github.com>
Ondrej Theiner <theinond@gmail.com>
Marko Petric <marko.petric@cern.ch>
Andy Wharton <AndyWharton1976@gmail.com>
Salman Maqbool <salman.maqbool@cern.ch>
Liejian Chen <chenlj@gmail.com>
Maoqiang Jing <jingmaoqiang1996@163.com>
Nashad Rahman <rahman.176@osu.edu>
